Peer Impact Program,"Thursday, September 1, 2016",9:00 AM,,"Thursday, September 1, 2016",TRUE,
FOCUS Mentor Program,"Thursday, September 1, 2016",9:00 AM,,"Thursday, September 1, 2016",TRUE,
Diversity Zone,"Wednesday, September 21, 2016",9:15 am,Kimmel,"Wednesday, September 21, 2016",TRUE,3:00:00
Disability Zone,"Thursday, October 6, 2016",9:15 am,Kimmel,"Thursday, October 6, 2016",TRUE,3:00:00
DREAM Zone,"Friday, September 30, 2016",2:00 pm,Kimmel,"Friday, September 30, 2016",TRUE,3:00:00
Multiple (Eye)dentity Series,"Thursday, September 1, 2016",9:00 AM,Kimmel,"Thursday, September 1, 2016",TRUE,
Administrators Cultural Training (ACT) Institute,"Thursday, September 1, 2016",9:00 AM,Kimmel,"Thursday, September 1, 2016",TRUE,
Students of Color Leadership Retreat,"Thursday, September 1, 2016",9:00 AM,Kimmel,"Thursday, September 1, 2016",TRUE,
Intergroup Dialogue,"Sunday, September 4, 2016",11:59 PM,Kimmel,"Sunday, September 4, 2016",TRUE,
DICP,"Thursday, September 1, 2016",9:00 AM,Kimmel,"Thursday, September 1, 2016",TRUE,
Club Management Training,"Thursday, September 1, 2016",9:00 AM,Kimmel,"Thursday, September 1, 2016",TRUE,
Officer Training,"Thursday, September 1, 2016",9:00 AM,Kimmel,"Thursday, September 1, 2016",TRUE,
NCD Training,"Thursday, September 1, 2016",9:00 AM,Kimmel,"Thursday, September 1, 2016",TRUE,
FSL Retreat,"Thursday, September 1, 2016",9:00 AM,Kimmel,"Thursday, September 1, 2016",TRUE,
Gateways,"Thursday, September 1, 2016",9:00 AM,Kimmel,"Thursday, September 1, 2016",TRUE,
Dance Marathon Retreat,"Thursday, September 1, 2016",9:00 AM,Kimmel,"Thursday, September 1, 2016",TRUE,
Fraternal Leadership Institute,"Thursday, September 1, 2016",9:00 AM,Kimmel,"Thursday, September 1, 2016",TRUE,
Service and Volunteer Fairs,"Thursday, September 1, 2016",9:00 AM,Kimmel,"Thursday, September 1, 2016",TRUE,
NYU Service Leadership Retreat,"Thursday, September 1, 2016",9:00 AM,NYC,"Thursday, September 1, 2016",TRUE,
Clinton Global Initiative University (CGIU) ,"Friday, April 1, 2016",10:00 AM,Kimmel,"Friday, April 1, 2016",TRUE,
Clinton Global Initiative University (CGIU) ,"Saturday, April 2, 2016",10:00 AM,Kimmel,"Saturday, April 2, 2016",TRUE,
Clinton Global Initiative University (CGIU) ,"Sunday, April 3, 2016",10:00 AM,Kimmel,"Sunday, April 3, 2016",TRUE,
Davis Projects for Peace,"Thursday, September 1, 2016",9:00 AM,Kimmel,"Thursday, September 1, 2016",TRUE,
NYU Service Film Series,"Thursday, September 1, 2016",9:00 AM,Kimmel,"Thursday, September 1, 2016",TRUE,
NYU Alternative Breaks,"Thursday, September 1, 2016",9:00 AM,,"Thursday, September 1, 2016",TRUE,
NYU Project OutReach,"Monday, June 13, 2017",11:45 PM,,"Monday, June 13, 2017",TRUE,
9/11 Day of Service,"Tuesday, September 11, 2016",10:00 AM,NYC,"Tuesday, September 11, 2016",TRUE,5:00:00
Fritzi Weitzman Owens Memorial Lecture,"Thursday, September 1, 2016",9:00 AM,GCASL,"Thursday, September 1, 2016",TRUE,
Faith Zone,"Thursday, September 1, 2016",9:00 AM,GCASL,"Thursday, September 1, 2016",TRUE,
MindfulNYU: Yoga,"Mondays, Tuesdays, Wednesdays",5:30 PM,GCASL,"Monday, September 05, 2016",TRUE,1:30:00
MindfulNYU: Yoga,"Mondays, Tuesdays, Wednesdays",5:30 PM,GCASL,"Monday, September 12, 2016",TRUE,1:30:00
MindfulNYU: Yoga,"Mondays, Tuesdays, Wednesdays",5:30 PM,GCASL,"Monday, September 19, 2016",TRUE,1:30:00
MindfulNYU: Yoga,"Mondays, Tuesdays, Wednesdays",5:30 PM,GCASL,"Monday, September 26, 2016",TRUE,1:30:00
MindfulNYU: Yoga,"Mondays, Tuesdays, Wednesdays",5:30 PM,GCASL,"Monday, October 03, 2016",TRUE,1:30:00
MindfulNYU: Yoga,"Mondays, Tuesdays, Wednesdays",5:30 PM,GCASL,"Monday, October 10, 2016",TRUE,1:30:00
MindfulNYU: Yoga,"Mondays, Tuesdays, Wednesdays",5:30 PM,GCASL,"Monday, October 17, 2016",TRUE,1:30:00
MindfulNYU: Yoga,"Mondays, Tuesdays, Wednesdays",5:30 PM,GCASL,"Monday, October 24, 2016",TRUE,1:30:00
MindfulNYU: Yoga,"Mondays, Tuesdays, Wednesdays",5:30 PM,GCASL,"Monday, October 31, 2016",TRUE,1:30:00
MindfulNYU: Yoga,"Mondays, Tuesdays, Wednesdays",5:30 PM,GCASL,"Monday, November 07, 2016",TRUE,1:30:00
MindfulNYU: Yoga,"Mondays, Tuesdays, Wednesdays",5:30 PM,GCASL,"Monday, November 14, 2016",TRUE,1:30:00
MindfulNYU: Yoga,"Mondays, Tuesdays, Wednesdays",5:30 PM,GCASL,"Monday, November 21, 2016",TRUE,1:30:00
MindfulNYU: Yoga,"Mondays, Tuesdays, Wednesdays",5:30 PM,GCASL,"Monday, November 28, 2016",TRUE,1:30:00
MindfulNYU: Yoga,"Mondays, Tuesdays, Wednesdays",5:30 PM,GCASL,"Monday, December 05, 2016",TRUE,1:30:00
MindfulNYU: Yoga,"Mondays, Tuesdays, Wednesdays",5:30 PM,GCASL,"Monday, December 12, 2016",TRUE,1:30:00
MindfulNYU: Yoga,"Mondays, Tuesdays, Wednesdays",5:30 PM,GCASL,"Monday, December 19, 2016",TRUE,1:30:00
MindfulNYU: Yoga,"Mondays, Tuesdays, Wednesdays",5:30 PM,GCASL,"Monday, December 26, 2016",TRUE,1:30:00
MindfulNYU: Yoga,"Mondays, Tuesdays, Wednesdays",5:30 PM,GCASL,"Tuesday, September 06, 2016",TRUE,1:30:00
MindfulNYU: Yoga,"Mondays, Tuesdays, Wednesdays",5:30 PM,GCASL,"Tuesday, September 13, 2016",TRUE,1:30:00
MindfulNYU: Yoga,"Mondays, Tuesdays, Wednesdays",5:30 PM,GCASL,"Tuesday, September 20, 2016",TRUE,1:30:00
MindfulNYU: Yoga,"Mondays, Tuesdays, Wednesdays",5:30 PM,GCASL,"Tuesday, September 27, 2016",TRUE,1:30:00
MindfulNYU: Yoga,"Mondays, Tuesdays, Wednesdays",5:30 PM,GCASL,"Tuesday, October 04, 2016",TRUE,1:30:00
MindfulNYU: Yoga,"Mondays, Tuesdays, Wednesdays",5:30 PM,GCASL,"Tuesday, October 11, 2016",TRUE,1:30:00
MindfulNYU: Yoga,"Mondays, Tuesdays, Wednesdays",5:30 PM,GCASL,"Tuesday, October 18, 2016",TRUE,1:30:00
MindfulNYU: Yoga,"Mondays, Tuesdays, Wednesdays",5:30 PM,GCASL,"Tuesday, October 25, 2016",TRUE,1:30:00
MindfulNYU: Yoga,"Mondays, Tuesdays, Wednesdays",5:30 PM,GCASL,"Tuesday, November 01, 2016",TRUE,1:30:00
MindfulNYU: Yoga,"Mondays, Tuesdays, Wednesdays",5:30 PM,GCASL,"Tuesday, November 08, 2016",TRUE,1:30:00
MindfulNYU: Yoga,"Mondays, Tuesdays, Wednesdays",5:30 PM,GCASL,"Tuesday, November 15, 2016",TRUE,1:30:00
MindfulNYU: Yoga,"Mondays, Tuesdays, Wednesdays",5:30 PM,GCASL,"Tuesday, November 22, 2016",TRUE,1:30:00
MindfulNYU: Yoga,"Mondays, Tuesdays, Wednesdays",5:30 PM,GCASL,"Tuesday, November 29, 2016",TRUE,1:30:00
MindfulNYU: Yoga,"Mondays, Tuesdays, Wednesdays",5:30 PM,GCASL,"Tuesday, December 06, 2016",TRUE,1:30:00
MindfulNYU: Yoga,"Mondays, Tuesdays, Wednesdays",5:30 PM,GCASL,"Tuesday, December 13, 2016",TRUE,1:30:00
MindfulNYU: Yoga,"Mondays, Tuesdays, Wednesdays",5:30 PM,GCASL,"Tuesday, December 20, 2016",TRUE,1:30:00
MindfulNYU: Yoga,"Mondays, Tuesdays, Wednesdays",5:30 PM,GCASL,"Tuesday, December 27, 2016",TRUE,1:30:00
MindfulNYU: Yoga,"Mondays, Tuesdays, Wednesdays",5:30 PM,GCASL,"Wednesday, September 07, 2016",TRUE,1:30:00
MindfulNYU: Yoga,"Mondays, Tuesdays, Wednesdays",5:30 PM,GCASL,"Wednesday, September 14, 2016",TRUE,1:30:00
MindfulNYU: Yoga,"Mondays, Tuesdays, Wednesdays",5:30 PM,GCASL,"Wednesday, September 21, 2016",TRUE,1:30:00
MindfulNYU: Yoga,"Mondays, Tuesdays, Wednesdays",5:30 PM,GCASL,"Wednesday, September 28, 2016",TRUE,1:30:00
MindfulNYU: Yoga,"Mondays, Tuesdays, Wednesdays",5:30 PM,GCASL,"Wednesday, October 05, 2016",TRUE,1:30:00
MindfulNYU: Yoga,"Mondays, Tuesdays, Wednesdays",5:30 PM,GCASL,"Wednesday, October 12, 2016",TRUE,1:30:00
MindfulNYU: Yoga,"Mondays, Tuesdays, Wednesdays",5:30 PM,GCASL,"Wednesday, October 19, 2016",TRUE,1:30:00
MindfulNYU: Yoga,"Mondays, Tuesdays, Wednesdays",5:30 PM,GCASL,"Wednesday, October 26, 2016",TRUE,1:30:00
MindfulNYU: Yoga,"Mondays, Tuesdays, Wednesdays",5:30 PM,GCASL,"Wednesday, November 02, 2016",TRUE,1:30:00
MindfulNYU: Yoga,"Mondays, Tuesdays, Wednesdays",5:30 PM,GCASL,"Wednesday, November 09, 2016",TRUE,1:30:00
MindfulNYU: Yoga,"Mondays, Tuesdays, Wednesdays",5:30 PM,GCASL,"Wednesday, November 16, 2016",TRUE,1:30:00
MindfulNYU: Yoga,"Mondays, Tuesdays, Wednesdays",5:30 PM,GCASL,"Wednesday, November 23, 2016",TRUE,1:30:00
MindfulNYU: Yoga,"Mondays, Tuesdays, Wednesdays",5:30 PM,GCASL,"Wednesday, November 30, 2016",TRUE,1:30:00
MindfulNYU: Yoga,"Mondays, Tuesdays, Wednesdays",5:30 PM,GCASL,"Wednesday, December 07, 2016",TRUE,1:30:00
MindfulNYU: Yoga,"Mondays, Tuesdays, Wednesdays",5:30 PM,GCASL,"Wednesday, December 14, 2016",TRUE,1:30:00
MindfulNYU: Yoga,"Mondays, Tuesdays, Wednesdays",5:30 PM,GCASL,"Wednesday, December 21, 2016",TRUE,1:30:00
MindfulNYU: Yoga,"Mondays, Tuesdays, Wednesdays",5:30 PM,GCASL,"Wednesday, December 28, 2016",TRUE,1:30:00
MindfulNYU: Meditation,Mondays,7:00 PM,GCASL,"Monday, September 05, 2016",TRUE,1:15:00
MindfulNYU: Meditation,Mondays,7:00 PM,GCASL,"Monday, September 12, 2016",TRUE,1:15:00
MindfulNYU: Meditation,Mondays,7:00 PM,GCASL,"Monday, September 19, 2016",TRUE,1:15:00
MindfulNYU: Meditation,Mondays,7:00 PM,GCASL,"Monday, September 26, 2016",TRUE,1:15:00
MindfulNYU: Meditation,Mondays,7:00 PM,GCASL,"Monday, October 03, 2016",TRUE,1:15:00
MindfulNYU: Meditation,Mondays,7:00 PM,GCASL,"Monday, October 10, 2016",TRUE,1:15:00
MindfulNYU: Meditation,Mondays,7:00 PM,GCASL,"Monday, October 17, 2016",TRUE,1:15:00
MindfulNYU: Meditation,Mondays,7:00 PM,GCASL,"Monday, October 24, 2016",TRUE,1:15:00
MindfulNYU: Meditation,Mondays,7:00 PM,GCASL,"Monday, October 31, 2016",TRUE,1:15:00
MindfulNYU: Meditation,Mondays,7:00 PM,GCASL,"Monday, November 07, 2016",TRUE,1:15:00
MindfulNYU: Meditation,Mondays,7:00 PM,GCASL,"Monday, November 14, 2016",TRUE,1:15:00
MindfulNYU: Meditation,Mondays,7:00 PM,GCASL,"Monday, November 21, 2016",TRUE,1:15:00
MindfulNYU: Meditation,Mondays,7:00 PM,GCASL,"Monday, November 28, 2016",TRUE,1:15:00
MindfulNYU: Meditation,Mondays,7:00 PM,GCASL,"Monday, December 05, 2016",TRUE,1:15:00
MindfulNYU: Meditation,Mondays,7:00 PM,GCASL,"Monday, December 12, 2016",TRUE,1:15:00
MindfulNYU: Meditation,Mondays,7:00 PM,GCASL,"Monday, December 19, 2016",TRUE,1:15:00
MindfulNYU: Meditation,Mondays,7:00 PM,GCASL,"Monday, December 26, 2016",TRUE,1:15:00
Alternative Break: International Trip,"February 1, 2017",9:00 AM,,"Wednesday, February 1, 2017",TRUE,
"Bridges Service Trip: National Trip""","Thursday, September 1, 2016",9:00 AM,,"Thursday, September 1, 2016",TRUE,
Queering Faith,"Thursday, September 1, 2016",9:00 AM,Kimmel,"Thursday, September 1, 2016",TRUE,
First Year Queers and Allies,"Tuesday, August 30, 2017",12:30 PM,Kimmel 602,"Tuesday, August 30, 2017",TRUE,1:00:00
Outspoken Peer Educators ,"Thursday, September 1, 2016",9:00 AM,,"Thursday, September 1, 2016",TRUE,
Safe Zone Trainings ,"Thursday, September 1, 2016",9:00 AM,Kimmel,"Thursday, September 1, 2016",TRUE,
Immigration Attorney: Work Options after OPT and AT,"Thursday, September 1, 2016",9:00 AM,561 LaGuardia Place,"Thursday, September 1, 2016",TRUE,
Immigration Attorney: U.S. Work Visa Options for Starting Your Own Business,"Thursday, September 1, 2016",9:00 AM,561 LaGuardia Place,"Thursday, September 1, 2016",TRUE,
Optional Practical Training workshops,"Thursday, September 1, 2016",9:00 AM,561 LaGuardia Place,"Thursday, September 1, 2016",TRUE,
Curricular Practical Training workshops,"Thursday, September 1, 2016",9:00 AM,561 LaGuardia Place,"Thursday, September 1, 2016",TRUE,
Check-In Workshops,"Thursday, September 1, 2016",9:00 AM,561 LaGuardia Place,"Thursday, September 1, 2016",TRUE,
On-Campus Employment Workshop,"Thursday, September 1, 2016",9:00 AM,561 LaGuardia Place,"Thursday, September 1, 2016",TRUE,
Off-Campus Work Options for F-1 Students,"Thursday, September 1, 2016",9:00 AM,561 LaGuardia Place,"Thursday, September 1, 2016",TRUE,
International Student Resource Fair,"Thursday, September 1, 2016",9:00 AM,561 LaGuardia Place,"Thursday, September 1, 2016",TRUE,
J-1 Orientation,"Thursday, September 1, 2016",9:00 AM,561 LaGuardia Place,"Thursday, September 1, 2016",TRUE,
Nonresident Tax Workshops,"Thursday, September 1, 2016",9:00 AM,561 LaGuardia Place,"Thursday, September 1, 2016",TRUE,
Immigration Attorney: The O-1 Visa and Other Work Options For Artists,"Thursday, September 1, 2016",9:00 AM,561 LaGuardia Place,"Thursday, September 1, 2016",TRUE,
International Spouses & Partners English Program (ISEP),"Thursday, September 1, 2016",9:00 AM,561 LaGuardia Place,"Thursday, September 1, 2016",TRUE,
Passport Drive,"Thursday, September 1, 2016",9:00 AM,561 LaGuardia Place,"Thursday, September 1, 2016",TRUE,
US Global Entry Drive,"Thursday, September 1, 2016",9:00 AM,561 LaGuardia Place,"Thursday, September 1, 2016",TRUE,
Visa Workshops for multiple global sites,"Thursday, September 1, 2016",9:00 AM,561 LaGuardia Place,"Thursday, September 1, 2016",TRUE,
Scholar Speaker Series,"Thursday, September 1, 2016",9:00 AM,561 LaGuardia Place,"Thursday, September 1, 2016",TRUE,
Social Media Training,"Thursday, September 1, 2016",9:00 AM,Kimmel,"Thursday, September 1, 2016",TRUE,
English Conversation Groups for International Graduate Students,"Thursday, September 1, 2016",9:00 AM,CMEP Lounge,"Thursday, September 1, 2016",TRUE,
Explore New York...Explore the World,"Thursday, September 1, 2016",9:00 AM,,"Thursday, September 1, 2016",TRUE,
Residential Colleges: Goddard Leadership Retreat,"Thursday, September 1, 2016",9:00 AM,,"Thursday, September 1, 2016",TRUE,
Residential Colleges: Dinner with Deans,"Thursday, September 1, 2016",9:00 AM,Goddard,"Thursday, September 1, 2016",TRUE,
Residential Colleges: Getting Started,"Thursday, September 1, 2016",9:00 AM,Goddard,"Thursday, September 1, 2016",TRUE,
Residential Colleges: Convocation,"Thursday, September 1, 2016",9:00 AM,Goddard,"Thursday, September 1, 2016",TRUE,
Residential Colleges: Reception,"Thursday, September 1, 2016",9:00 AM,Goddard,"Thursday, September 1, 2016",TRUE,
"Coral Tower ""Taste of Study Away""","Thursday, September 1, 2016",9:00 AM,Coral,"Thursday, September 1, 2016",TRUE,
Apartment Hunting: Neighborhood tour,"Thursday, September 1, 2016",9:00 AM,TBD,"Thursday, September 1, 2016",TRUE,
Apartment Hunting: Broker and Financial Advisor Talk,"Thursday, September 1, 2016",9:00 AM,TBD,"Thursday, September 1, 2016",TRUE,
Taste of Greenwich (Study Away),"Thursday, September 1, 2016",9:00 AM,Greenwich,"Thursday, September 1, 2016",TRUE,
The #Adulting Series: Apartment Hunting & Budgeting,"Thursday, September 1, 2016",9:00 AM,TBD,"Thursday, September 1, 2016",TRUE,
Cupcakes and Cleaning,"Thursday, September 1, 2016",9:00 AM,TBD,"Thursday, September 1, 2016",TRUE,
Shred Your Stress/ Homemade Sugar Scrub,"Thursday, September 1, 2016",9:00 AM,TBD,"Thursday, September 1, 2016",TRUE,
How To Tuesdays (Reoccuring program series at the Gramercy Resource Center),"Thursday, September 1, 2016",9:00 AM,Gramercy,"Thursday, September 1, 2016",TRUE,
FYRE's Got Your BAC,"Thursday, September 1, 2016",9:00 AM,TBD,"Thursday, September 1, 2016",TRUE,
What To Expect Your Professor is Expecting,"Thursday, September 1, 2016",9:00 AM,TBD,"Thursday, September 1, 2016",TRUE,
FYRE Studies Away,"Thursday, September 1, 2016",9:00 AM,TBD,"Thursday, September 1, 2016",TRUE,
WA Write In,"Thursday, September 1, 2016",9:00 AM,TBD,"Thursday, September 1, 2016",TRUE,
Heart Your Parts,"Thursday, September 1, 2016",9:00 AM,TBD,"Thursday, September 1, 2016",TRUE,
Safe Spring Break Tabling,"Thursday, September 1, 2016",9:00 AM,TBD,"Thursday, September 1, 2016",TRUE,
IRHC Town Hall,"Thursday, September 1, 2016",9:00 AM,TBD,"Thursday, September 1, 2016",TRUE,
Clery and Anti-Harassment Training,"Thursday, September 1, 2016",9:00 AM,TBD,"Thursday, September 1, 2016",TRUE,
Behind Closed Doors,"Thursday, September 1, 2016",9:00 AM,TBD,"Thursday, September 1, 2016",TRUE,
Community Development Module,"Thursday, September 1, 2016",9:00 AM,TBD,"Thursday, September 1, 2016",TRUE,
Coaching Through Conflict,"Thursday, September 1, 2016",9:00 AM,TBD,"Thursday, September 1, 2016",TRUE,
Cultural Competency,"Thursday, September 1, 2016",9:00 AM,TBD,"Thursday, September 1, 2016",TRUE,
Peer Helping,"Thursday, September 1, 2016",9:00 AM,TBD,"Thursday, September 1, 2016",TRUE,
"Role Modeling, Mentoring, Motivating","Thursday, September 1, 2016",9:00 AM,TBD,"Thursday, September 1, 2016",TRUE,
Identity & Inclusion,"Thursday, September 1, 2016",9:00 AM,TBD,"Thursday, September 1, 2016",TRUE,
Title IX Training,"Thursday, September 1, 2016",9:00 AM,TBD,"Thursday, September 1, 2016",TRUE,
FYREWORKS Career Development Conference,"Thursday, September 1, 2016",9:00 AM,TBD,"Thursday, September 1, 2016",TRUE,
Good Grief: Transitioning from RA to Real Adult,"Thursday, September 1, 2016",9:00 AM,TBD,"Thursday, September 1, 2016",TRUE,
FYRE Gets Political,"Thursday, September 1, 2016",9:00 AM,TBD,"Thursday, September 1, 2016",TRUE,
FYRE Serves,"Thursday, September 1, 2016",9:00 AM,TBD,"Thursday, September 1, 2016",TRUE,
Action Zone Bystander Intervention training,"Thursday, September 1, 2016",9:00 AM,TBD,"Thursday, September 1, 2016",TRUE,
Stressbusters volunteer program training,"Thursday, September 1, 2016",9:00 AM,TBD,"Thursday, September 1, 2016",TRUE,
Group Travel Workshop,"Thursday, September 1, 2016",9:00 AM,TBD,"Thursday, September 1, 2016",TRUE,
Consent and Sexual Respect Training,"Thursday, September 1, 2016",9:00 AM,Palladium Multipurpose Room,"Thursday, September 1, 2016",TRUE,
CBT Anxiety Toolkit,First four Mondays of each month,3:00 PM,TBD,"Monday, September 05, 2016",TRUE,1:00:00
CBT Anxiety Toolkit,First four Mondays of each month,3:00 PM,TBD,"Monday, September 12, 2016",TRUE,1:00:00
CBT Anxiety Toolkit,First four Mondays of each month,3:00 PM,TBD,"Monday, September 19, 2016",TRUE,1:00:00
CBT Anxiety Toolkit,First four Mondays of each month,3:00 PM,TBD,"Monday, September 26, 2016",TRUE,1:00:00
CBT Anxiety Toolkit,First four Mondays of each month,3:00 PM,TBD,"Monday, October 03, 2016",TRUE,1:00:00
CBT Anxiety Toolkit,First four Mondays of each month,3:00 PM,TBD,"Monday, October 10, 2016",TRUE,1:00:00
CBT Anxiety Toolkit,First four Mondays of each month,3:00 PM,TBD,"Monday, October 17, 2016",TRUE,1:00:00
CBT Anxiety Toolkit,First four Mondays of each month,3:00 PM,TBD,"Monday, October 24, 2016",TRUE,1:00:00
CBT Anxiety Toolkit,First four Mondays of each month,3:00 PM,TBD,"Monday, November 07, 2016",TRUE,1:00:00
CBT Anxiety Toolkit,First four Mondays of each month,3:00 PM,TBD,"Monday, November 14, 2016",TRUE,1:00:00
CBT Anxiety Toolkit,First four Mondays of each month,3:00 PM,TBD,"Monday, November 21, 2016",TRUE,1:00:00
CBT Anxiety Toolkit,First four Mondays of each month,3:00 PM,TBD,"Monday, November 28, 2016",TRUE,1:00:00
CBT Anxiety Toolkit,First four Mondays of each month,3:00 PM,TBD,"Monday, December 05, 2016",TRUE,1:00:00
CBT Anxiety Toolkit,First four Mondays of each month,3:00 PM,TBD,"Monday, December 12, 2016",TRUE,1:00:00
CBT Anxiety Toolkit,First four Mondays of each month,3:00 PM,TBD,"Monday, December 19, 2016",TRUE,1:00:00
CBT Anxiety Toolkit,First four Mondays of each month,3:00 PM,TBD,"Monday, December 26, 2016",TRUE,1:00:00
Biofeedback Toolkit,Mondays,4:00 PM,TBD,"Monday, September 05, 2016",TRUE,1:00:00
Biofeedback Toolkit,Mondays,4:00 PM,TBD,"Monday, September 12, 2016",TRUE,1:00:00
Biofeedback Toolkit,Mondays,4:00 PM,TBD,"Monday, September 19, 2016",TRUE,1:00:00
Biofeedback Toolkit,Mondays,4:00 PM,TBD,"Monday, September 26, 2016",TRUE,1:00:00
Biofeedback Toolkit,Mondays,4:00 PM,TBD,"Monday, October 03, 2016",TRUE,1:00:00
Biofeedback Toolkit,Mondays,4:00 PM,TBD,"Monday, October 10, 2016",TRUE,1:00:00
Biofeedback Toolkit,Mondays,4:00 PM,TBD,"Monday, October 17, 2016",TRUE,1:00:00
Biofeedback Toolkit,Mondays,4:00 PM,TBD,"Monday, October 24, 2016",TRUE,1:00:00
Biofeedback Toolkit,Mondays,4:00 PM,TBD,"Monday, October 31, 2016",TRUE,1:00:00
Biofeedback Toolkit,Mondays,4:00 PM,TBD,"Monday, November 07, 2016",TRUE,1:00:00
Biofeedback Toolkit,Mondays,4:00 PM,TBD,"Monday, November 14, 2016",TRUE,1:00:00
Biofeedback Toolkit,Mondays,4:00 PM,TBD,"Monday, November 21, 2016",TRUE,1:00:00
Biofeedback Toolkit,Mondays,4:00 PM,TBD,"Monday, November 28, 2016",TRUE,1:00:00
Biofeedback Toolkit,Mondays,4:00 PM,TBD,"Monday, December 05, 2016",TRUE,1:00:00
Biofeedback Toolkit,Mondays,4:00 PM,TBD,"Monday, December 12, 2016",TRUE,1:00:00
Biofeedback Toolkit,Mondays,4:00 PM,TBD,"Monday, December 19, 2016",TRUE,1:00:00
Biofeedback Toolkit,Mondays,4:00 PM,TBD,"Monday, December 26, 2016",TRUE,1:00:00
Procrastination Toolkit,"Thursday, September 1, 2016",9:00 AM,TBD,"Thursday, September 1, 2016",TRUE,
Trauma & Wellness Toolkit,Wednesdays,2:00 PM,TBD,"Wednesday, September 07, 2016",TRUE,1:00:00
Trauma & Wellness Toolkit,Wednesdays,2:00 PM,TBD,"Wednesday, September 14, 2016",TRUE,1:00:00
Trauma & Wellness Toolkit,Wednesdays,2:00 PM,TBD,"Wednesday, September 21, 2016",TRUE,1:00:00
Trauma & Wellness Toolkit,Wednesdays,2:00 PM,TBD,"Wednesday, September 28, 2016",TRUE,1:00:00
Trauma & Wellness Toolkit,Wednesdays,2:00 PM,TBD,"Wednesday, October 05, 2016",TRUE,1:00:00
Trauma & Wellness Toolkit,Wednesdays,2:00 PM,TBD,"Wednesday, October 12, 2016",TRUE,1:00:00
Trauma & Wellness Toolkit,Wednesdays,2:00 PM,TBD,"Wednesday, October 19, 2016",TRUE,1:00:00
Trauma & Wellness Toolkit,Wednesdays,2:00 PM,TBD,"Wednesday, October 26, 2016",TRUE,1:00:00
Trauma & Wellness Toolkit,Wednesdays,2:00 PM,TBD,"Wednesday, November 02, 2016",TRUE,1:00:00
Trauma & Wellness Toolkit,Wednesdays,2:00 PM,TBD,"Wednesday, November 09, 2016",TRUE,1:00:00
Trauma & Wellness Toolkit,Wednesdays,2:00 PM,TBD,"Wednesday, November 16, 2016",TRUE,1:00:00
Trauma & Wellness Toolkit,Wednesdays,2:00 PM,TBD,"Wednesday, November 23, 2016",TRUE,1:00:00
Trauma & Wellness Toolkit,Wednesdays,2:00 PM,TBD,"Wednesday, November 30, 2016",TRUE,1:00:00
Trauma & Wellness Toolkit,Wednesdays,2:00 PM,TBD,"Wednesday, December 07, 2016",TRUE,1:00:00
Trauma & Wellness Toolkit,Wednesdays,2:00 PM,TBD,"Wednesday, December 14, 2016",TRUE,1:00:00
Trauma & Wellness Toolkit,Wednesdays,2:00 PM,TBD,"Wednesday, December 21, 2016",TRUE,1:00:00
Trauma & Wellness Toolkit,Wednesdays,2:00 PM,TBD,"Wednesday, December 28, 2016",TRUE,1:00:00
Meditation/Self-Hypnosis Toolkit,Wednesdays,4:00 PM,Bobst 411,"Wednesday, September 07, 2016",TRUE,1:00:00
Meditation/Self-Hypnosis Toolkit,Wednesdays,4:00 PM,Bobst 411,"Wednesday, September 14, 2016",TRUE,1:00:00
Meditation/Self-Hypnosis Toolkit,Wednesdays,4:00 PM,Bobst 411,"Wednesday, September 21, 2016",TRUE,1:00:00
Meditation/Self-Hypnosis Toolkit,Wednesdays,4:00 PM,Bobst 411,"Wednesday, September 28, 2016",TRUE,1:00:00
Meditation/Self-Hypnosis Toolkit,Wednesdays,4:00 PM,Bobst 411,"Wednesday, October 05, 2016",TRUE,1:00:00
Meditation/Self-Hypnosis Toolkit,Wednesdays,4:00 PM,Bobst 411,"Wednesday, October 12, 2016",TRUE,1:00:00
Meditation/Self-Hypnosis Toolkit,Wednesdays,4:00 PM,Bobst 411,"Wednesday, October 19, 2016",TRUE,1:00:00
Meditation/Self-Hypnosis Toolkit,Wednesdays,4:00 PM,Bobst 411,"Wednesday, October 26, 2016",TRUE,1:00:00
Meditation/Self-Hypnosis Toolkit,Wednesdays,4:00 PM,Bobst 411,"Wednesday, November 02, 2016",TRUE,1:00:00
Meditation/Self-Hypnosis Toolkit,Wednesdays,4:00 PM,Bobst 411,"Wednesday, November 09, 2016",TRUE,1:00:00
Meditation/Self-Hypnosis Toolkit,Wednesdays,4:00 PM,Bobst 411,"Wednesday, November 16, 2016",TRUE,1:00:00
Meditation/Self-Hypnosis Toolkit,Wednesdays,4:00 PM,Bobst 411,"Wednesday, November 23, 2016",TRUE,1:00:00
Meditation/Self-Hypnosis Toolkit,Wednesdays,4:00 PM,Bobst 411,"Wednesday, November 30, 2016",TRUE,1:00:00
Meditation/Self-Hypnosis Toolkit,Wednesdays,4:00 PM,Bobst 411,"Wednesday, December 07, 2016",TRUE,1:00:00
Meditation/Self-Hypnosis Toolkit,Wednesdays,4:00 PM,Bobst 411,"Wednesday, December 14, 2016",TRUE,1:00:00
Meditation/Self-Hypnosis Toolkit,Wednesdays,4:00 PM,Bobst 411,"Wednesday, December 21, 2016",TRUE,1:00:00
Meditation/Self-Hypnosis Toolkit,Wednesdays,4:00 PM,Bobst 411,"Wednesday, December 28, 2016",TRUE,1:00:00
Mindfulness-based Relapse Prevention,Mondays,5:00 PM,TBD,"Monday, September 05, 2016",TRUE,1:00:00
Mindfulness-based Relapse Prevention,Mondays,5:00 PM,TBD,"Monday, September 12, 2016",TRUE,1:00:00
Mindfulness-based Relapse Prevention,Mondays,5:00 PM,TBD,"Monday, September 19, 2016",TRUE,1:00:00
Mindfulness-based Relapse Prevention,Mondays,5:00 PM,TBD,"Monday, September 26, 2016",TRUE,1:00:00
Mindfulness-based Relapse Prevention,Mondays,5:00 PM,TBD,"Monday, October 03, 2016",TRUE,1:00:00
Mindfulness-based Relapse Prevention,Mondays,5:00 PM,TBD,"Monday, October 10, 2016",TRUE,1:00:00
Mindfulness-based Relapse Prevention,Mondays,5:00 PM,TBD,"Monday, October 17, 2016",TRUE,1:00:00
Mindfulness-based Relapse Prevention,Mondays,5:00 PM,TBD,"Monday, October 24, 2016",TRUE,1:00:00
Mindfulness-based Relapse Prevention,Mondays,5:00 PM,TBD,"Monday, October 31, 2016",TRUE,1:00:00
Mindfulness-based Relapse Prevention,Mondays,5:00 PM,TBD,"Monday, November 07, 2016",TRUE,1:00:00
Mindfulness-based Relapse Prevention,Mondays,5:00 PM,TBD,"Monday, November 14, 2016",TRUE,1:00:00
Mindfulness-based Relapse Prevention,Mondays,5:00 PM,TBD,"Monday, November 21, 2016",TRUE,1:00:00
Mindfulness-based Relapse Prevention,Mondays,5:00 PM,TBD,"Monday, November 28, 2016",TRUE,1:00:00
Mindfulness-based Relapse Prevention,Mondays,5:00 PM,TBD,"Monday, December 05, 2016",TRUE,1:00:00
Mindfulness-based Relapse Prevention,Mondays,5:00 PM,TBD,"Monday, December 12, 2016",TRUE,1:00:00
Mindfulness-based Relapse Prevention,Mondays,5:00 PM,TBD,"Monday, December 19, 2016",TRUE,1:00:00
Mindfulness-based Relapse Prevention,Mondays,5:00 PM,TBD,"Monday, December 26, 2016",TRUE,1:00:00
Dissertation/Thesis Toolkit,"Thursday, September 1, 2016",9:00 AM,TBD,"Thursday, September 1, 2016",TRUE,
Life Skills workshop,First four Thursdays of each month,3:00 PM,TBD,"Thursday, September 01, 2016",TRUE,1:00:00
Life Skills workshop,First four Thursdays of each month,3:00 PM,TBD,"Thursday, September 08, 2016",TRUE,1:00:00
Life Skills workshop,First four Thursdays of each month,3:00 PM,TBD,"Thursday, September 15, 2016",TRUE,1:00:00
Life Skills workshop,First four Thursdays of each month,3:00 PM,TBD,"Thursday, September 22, 2016",TRUE,1:00:00
Life Skills workshop,First four Thursdays of each month,3:00 PM,TBD,"Thursday, October 06, 2016",TRUE,1:00:00
Life Skills workshop,First four Thursdays of each month,3:00 PM,TBD,"Thursday, October 13, 2016",TRUE,1:00:00
Life Skills workshop,First four Thursdays of each month,3:00 PM,TBD,"Thursday, October 20, 2016",TRUE,1:00:00
Life Skills workshop,First four Thursdays of each month,3:00 PM,TBD,"Thursday, October 27, 2016",TRUE,1:00:00
Life Skills workshop,First four Thursdays of each month,3:00 PM,TBD,"Thursday, November 03, 2016",TRUE,1:00:00
Life Skills workshop,First four Thursdays of each month,3:00 PM,TBD,"Thursday, November 10, 2016",TRUE,1:00:00
Life Skills workshop,First four Thursdays of each month,3:00 PM,TBD,"Thursday, November 17, 2016",TRUE,1:00:00
Life Skills workshop,First four Thursdays of each month,3:00 PM,TBD,"Thursday, November 24, 2016",TRUE,1:00:00
Life Skills workshop,First four Thursdays of each month,3:00 PM,TBD,"Thursday, December 01, 2016",TRUE,1:00:00
Life Skills workshop,First four Thursdays of each month,3:00 PM,TBD,"Thursday, December 08, 2016",TRUE,1:00:00
Life Skills workshop,First four Thursdays of each month,3:00 PM,TBD,"Thursday, December 15, 2016",TRUE,1:00:00
Life Skills workshop,First four Thursdays of each month,3:00 PM,TBD,"Thursday, December 22, 2016",TRUE,1:00:00
International Insurance Workshops,"Thursday, September 1, 2016",9:00 AM,TBD,"Thursday, September 1, 2016",TRUE,
Graduate Success Series,"Thursday, September 1, 2016",9:00 AM,TBD,"Thursday, September 1, 2016",TRUE,
Military and Veteran Success Series,"Thursday, September 1, 2016",9:00 AM,TBD,"Thursday, September 1, 2016",TRUE,
Senior Success Week Series,"Thursday, September 1, 2016",9:00 AM,TBD,"Thursday, September 1, 2016",TRUE,
Small Wallet; Big City,"Thursday, September 1, 2016",9:00 AM,TBD,"Thursday, September 1, 2016",TRUE,
Transfer Immersions,"Thursday, September 1, 2016",9:00 AM,TBD,"Thursday, September 1, 2016",TRUE,
Commuter Overnight Retreat,"Thursday, September 1, 2016",9:00 AM,TBD,"Thursday, September 1, 2016",TRUE,
Study Away Internship Information Sessions,"Thursday, September 1, 2016",9:00 AM,Wasserman,"Thursday, September 1, 2016",TRUE,
Study Away Internships Pre-Departure Workshop,"Thursday, September 1, 2016",9:00 AM,Wasserman,"Thursday, September 1, 2016",TRUE,
Global Career Paths Panel,"Thursday, September 1, 2016",9:00 AM,Wasserman,"Thursday, September 1, 2016",TRUE,
Mastering the Virtual Interview,"Thursday, September 1, 2016",9:00 AM,Wasserman,"Thursday, September 1, 2016",TRUE,
Preparing for an International Job Search,"Thursday, September 1, 2016",9:00 AM,Wasserman,"Thursday, September 1, 2016",TRUE,
Study Away and Your Career Webinar,"Thursday, September 1, 2016",9:00 AM,Wasserman,"Thursday, September 1, 2016",TRUE,
Study Away Internship and Experiential Learning Opps.,"Thursday, September 1, 2016",9:00 AM,Wasserman,"Thursday, September 1, 2016",TRUE,
Telling your Global Story,"Thursday, September 1, 2016",9:00 AM,Wasserman,"Thursday, September 1, 2016",TRUE,
Virtual Career Fair ,"Thursday, September 1, 2016",9:00 AM,Wasserman,"Thursday, September 1, 2016",TRUE,
Webinar: Mastering the Virtual Interview,"Thursday, September 1, 2016",9:00 AM,Wasserman,"Thursday, September 1, 2016",TRUE,
WEBINAR: Preparing for an International Job Search,"Thursday, September 1, 2016",9:00 AM,Wasserman,"Thursday, September 1, 2016",TRUE,
WEBINAR: Study Away Internship and Experiential Learning Opps.,"Thursday, September 1, 2016",9:00 AM,Wasserman,"Thursday, September 1, 2016",TRUE,
WEBINAR: Telling your Global Story,"Thursday, September 1, 2016",9:00 AM,Wasserman,"Thursday, September 1, 2016",TRUE,
Applying to Doctoral Programs (Hosted by Grad),"Thursday, September 1, 2016",9:00 AM,Wasserman,"Thursday, September 1, 2016",TRUE,
Crafting an Impressive Teaching Philosophy (Hosted by Grad),"Thursday, September 1, 2016",9:00 AM,Wasserman,"Thursday, September 1, 2016",TRUE,
CVs for Graduate Students,"Thursday, September 1, 2016",9:00 AM,Wasserman,"Thursday, September 1, 2016",TRUE,
"CVs, Resumes, and Cover Letters (Hosted by Grad)","Thursday, September 1, 2016",9:00 AM,Wasserman,"Thursday, September 1, 2016",TRUE,
Job Search Strategies for Graduate Students,"Thursday, September 1, 2016",9:00 AM,Wasserman,"Thursday, September 1, 2016",TRUE,
Marketing Your Masters Degree,"Thursday, September 1, 2016",9:00 AM,Wasserman,"Thursday, September 1, 2016",TRUE,
Networking 101 for Graduate Students,"Thursday, September 1, 2016",9:00 AM,Wasserman,"Thursday, September 1, 2016",TRUE,
Resumes for PhDs,"Thursday, September 1, 2016",9:00 AM,Wasserman,"Thursday, September 1, 2016",TRUE,
Writing an Effective Research Statement,"Thursday, September 1, 2016",9:00 AM,Wasserman,"Thursday, September 1, 2016",TRUE,
"Demystifying OPT, CPT, and More @ Brooklyn","Thursday, September 1, 2016",9:00 AM,Wasserman,"Thursday, September 1, 2016",TRUE,
Career Fair for Nursing and Public Health,"Thursday, September 1, 2016",9:00 AM,Wasserman,"Thursday, September 1, 2016",TRUE,
Career Paths in Public Health,"Thursday, September 1, 2016",9:00 AM,Wasserman,"Thursday, September 1, 2016",TRUE,
Job Search for Public Health,"Thursday, September 1, 2016",9:00 AM,Wasserman,"Thursday, September 1, 2016",TRUE,
Mock Interviews for Public Health Students,"Thursday, September 1, 2016",9:00 AM,Wasserman,"Thursday, September 1, 2016",TRUE,
Do I Qualify?,"Thursday, September 1, 2016",9:00 AM,Wasserman,"Thursday, September 1, 2016",TRUE,
Your LinkedIn Profile: Maximizing Your Impact presented by LinkedIn's news editor Maya Pop-Chappell,"Thursday, September 1, 2016",9:00 AM,Wasserman,"Thursday, September 1, 2016",TRUE,
Diversity in STEM: Meet Up with National Grid,"Thursday, September 1, 2016",9:00 AM,Wasserman,"Thursday, September 1, 2016",TRUE,
Electrical & Computer Engineering: Meet Up with Yodle,"Thursday, September 1, 2016",9:00 AM,Wasserman,"Thursday, September 1, 2016",TRUE,
IBM Watson Day at NYU Polytechnic School of Engineering @ Brooklyn,"Thursday, September 1, 2016",9:00 AM,Wasserman,"Thursday, September 1, 2016",TRUE,
STEM Diversity Career Expo,"Thursday, September 1, 2016",9:00 AM,Wasserman,"Thursday, September 1, 2016",TRUE,
Tech Talk with TechDraft: The Future of Intelligence,"Thursday, September 1, 2016",9:00 AM,Wasserman,"Thursday, September 1, 2016",TRUE,
Attire for Successful Hire ,"Thursday, September 1, 2016",9:00 AM,Wasserman,"Thursday, September 1, 2016",TRUE,
Dining for Success,"Thursday, September 1, 2016",9:00 AM,Wasserman,"Thursday, September 1, 2016",TRUE,
Getting the Scoop on Work Study and Part-time Jobs,"Thursday, September 1, 2016",9:00 AM,Wasserman,"Thursday, September 1, 2016",TRUE,
Macy's Site Visit,"Thursday, September 1, 2016",9:00 AM,Wasserman,"Thursday, September 1, 2016",TRUE,
"NGO, Non-Profit, and Government Career Forum 2015","Thursday, September 1, 2016",9:00 AM,Wasserman,"Thursday, September 1, 2016",TRUE,
Passing the Torch: Student/Alumni Meet-Up,"Thursday, September 1, 2016",9:00 AM,Wasserman,"Thursday, September 1, 2016",TRUE,
What Can I Do With a Neural Science Degree?,"Thursday, September 1, 2016",9:00 AM,Wasserman,"Thursday, September 1, 2016",TRUE,
Resume Building Walk-Ins,"Thursday, September 1, 2016",9:00 AM,Wasserman,"Thursday, September 1, 2016",TRUE,
TORCHTalks: Women in the Workplace ,"Thursday, September 1, 2016",9:00 AM,Wasserman,"Thursday, September 1, 2016",TRUE,
Employer Site Visit Featuring: Mindshare,"Thursday, September 1, 2016",9:00 AM,Wasserman,"Thursday, September 1, 2016",TRUE,
Passion to Profession,"Thursday, September 1, 2016",9:00 AM,Wasserman,"Thursday, September 1, 2016",TRUE,
Panel Discussion and Q&A with Returned Peace Corps Volunteers (Representing the Diversity of America Abroad),"Thursday, September 1, 2016",9:00 AM,Wasserman,"Thursday, September 1, 2016",TRUE,
Peace Corps Application Workshop,"Thursday, September 1, 2016",9:00 AM,Wasserman,"Thursday, September 1, 2016",TRUE,
What's Next: Politics & International Relations,"Thursday, September 1, 2016",9:00 AM,Wasserman,"Thursday, September 1, 2016",TRUE,
What's Next: Economics,"Thursday, September 1, 2016",9:00 AM,Wasserman,"Thursday, September 1, 2016",TRUE,
Careers with a Math or Computer Science Minor,"Thursday, September 1, 2016",9:00 AM,Wasserman,"Thursday, September 1, 2016",TRUE,
"Education, Government, Health, Human Services & Non-Profit Expo","Thursday, September 1, 2016",9:00 AM,Wasserman,"Thursday, September 1, 2016",TRUE,
Engineering Employers in Residence,"Thursday, September 1, 2016",9:00 AM,Wasserman,"Thursday, September 1, 2016",TRUE,
Fall 2015 Engineering & Technology Career Fair,"Thursday, September 1, 2016",9:00 AM,Wasserman,"Thursday, September 1, 2016",TRUE,
BNY Mellon Presents 'Mock Interview for Internship',"Thursday, September 1, 2016",9:00 AM,Wasserman,"Thursday, September 1, 2016",TRUE,
PwC Presents 'Case Interview Preparation and Execution' ,"Thursday, September 1, 2016",9:00 AM,Wasserman,"Thursday, September 1, 2016",TRUE,
Acing the Case Interview Grad Edition: Tech Consulting (hosted by Grad),"Thursday, September 1, 2016",9:00 AM,Wasserman,"Thursday, September 1, 2016",TRUE,
Acing the Case Interview Grad Edition: The Basics (Hosted by Grad),"Thursday, September 1, 2016",9:00 AM,Wasserman,"Thursday, September 1, 2016",TRUE,
Careers in Research and Academic Administration ,"Thursday, September 1, 2016",9:00 AM,Wasserman,"Thursday, September 1, 2016",TRUE,
Decoding Your Facilitator Experience (Hosted by Grad),"Thursday, September 1, 2016",9:00 AM,Wasserman,"Thursday, September 1, 2016",TRUE,
Exploring Non-Profit Careers,"Thursday, September 1, 2016",9:00 AM,Wasserman,"Thursday, September 1, 2016",TRUE,
GPS: Improv-ing Your Pitch,"Thursday, September 1, 2016",9:00 AM,Wasserman,"Thursday, September 1, 2016",TRUE,
GPS: LinkedIn - Advanced User Strategies,"Thursday, September 1, 2016",9:00 AM,Wasserman,"Thursday, September 1, 2016",TRUE,
GPS: Navigating Academic and Professional Conferences,"Thursday, September 1, 2016",9:00 AM,Wasserman,"Thursday, September 1, 2016",TRUE,
Grad Networking Breakfast: Technology (Hosted By Grad),"Thursday, September 1, 2016",9:00 AM,Wasserman,"Thursday, September 1, 2016",TRUE,
Grad Success Series: Leadership in the Workplace,"Thursday, September 1, 2016",9:00 AM,Wasserman,"Thursday, September 1, 2016",TRUE,
Grad Success Series: Navigating Identity in the Workplace,"Thursday, September 1, 2016",9:00 AM,Wasserman,"Thursday, September 1, 2016",TRUE,
Grad Success Series: Professional Communication,"Thursday, September 1, 2016",9:00 AM,Wasserman,"Thursday, September 1, 2016",TRUE,
Recruiter Panel: Job Search Strategies for Graduate Students ,"Thursday, September 1, 2016",9:00 AM,Wasserman,"Thursday, September 1, 2016",TRUE,
Alumni/Grad Networking: Using Your Advanced Degree in a Unique Way,"Thursday, September 1, 2016",9:00 AM,Wasserman,"Thursday, September 1, 2016",TRUE,
Advanced LinkedIn: Optimize Your Profile & Your Network,"Thursday, September 1, 2016",9:00 AM,Wasserman,"Thursday, September 1, 2016",TRUE,
Alumni Lessons Learned: What I Wish I Knew For My Job Search:Panel/Networking Reception (Hosted by Grad),"Thursday, September 1, 2016",9:00 AM,Wasserman,"Thursday, September 1, 2016",TRUE,
Considering a Career Change? Learn to wrestle with tough decisions.,"Thursday, September 1, 2016",9:00 AM,Wasserman,"Thursday, September 1, 2016",TRUE,
"Envisioning Your Ideal Career, Creating an Action Plan to Get There","Thursday, September 1, 2016",9:00 AM,Wasserman,"Thursday, September 1, 2016",TRUE,
Managing your Quarter-Life Crisis,"Thursday, September 1, 2016",9:00 AM,Wasserman,"Thursday, September 1, 2016",TRUE,
Power Networking/Power Pitching: The Dynamic Duo!,"Thursday, September 1, 2016",9:00 AM,Wasserman,"Thursday, September 1, 2016",TRUE,
Resumes & Negotiations,"Thursday, September 1, 2016",9:00 AM,Wasserman,"Thursday, September 1, 2016",TRUE,
The Ultimate Confidence Building Workshop‰Û_.Yours for the Taking,"Thursday, September 1, 2016",9:00 AM,Wasserman,"Thursday, September 1, 2016",TRUE,
Using LinkedIn Effectively,"Thursday, September 1, 2016",9:00 AM,Wasserman,"Thursday, September 1, 2016",TRUE,
WEBINAR: How to Network When You Don‰Ûªt Know What You Want to Do,"Thursday, September 1, 2016",9:00 AM,Wasserman,"Thursday, September 1, 2016",TRUE,
What Recruiters Look for During the Phone Interview,"Thursday, September 1, 2016",9:00 AM,Wasserman,"Thursday, September 1, 2016",TRUE,
Careers in Insurance: Myths vs. Facts ,"Thursday, September 1, 2016",9:00 AM,Wasserman,"Thursday, September 1, 2016",TRUE,
American Expresses Recruiter-in-Residence: Finance,"Thursday, September 1, 2016",9:00 AM,Wasserman,"Thursday, September 1, 2016",TRUE,
American Expresses Recruiter-in-Residence: Marketing,"Thursday, September 1, 2016",9:00 AM,Wasserman,"Thursday, September 1, 2016",TRUE,
Citi Coffee Chats,"Thursday, September 1, 2016",9:00 AM,Wasserman,"Thursday, September 1, 2016",TRUE,
Democratic Congressional Campaign Committee (DCCC) Recruiter-in-Residence,"Thursday, September 1, 2016",9:00 AM,Wasserman,"Thursday, September 1, 2016",TRUE,
Engineering and Technology Career Fair,"Thursday, September 1, 2016",9:00 AM,Wasserman,"Thursday, September 1, 2016",TRUE,
Government and Non-Profit Expo,"Thursday, September 1, 2016",9:00 AM,Wasserman,"Thursday, September 1, 2016",TRUE,
Job and Internship Career Fair,"Thursday, September 1, 2016",9:00 AM,Wasserman,"Thursday, September 1, 2016",TRUE,
Marketing Your Foreign Language Degree Presented by the Peace Corps,"Thursday, September 1, 2016",9:00 AM,Wasserman,"Thursday, September 1, 2016",TRUE,
NBA Recruiter-in-Residence,"Thursday, September 1, 2016",9:00 AM,Wasserman,"Thursday, September 1, 2016",TRUE,
"Real Estate, Hospitality & Tourism Career Fair","Thursday, September 1, 2016",9:00 AM,Wasserman,"Thursday, September 1, 2016",TRUE,
Women's Foreign Policy Mentoring Fair,"Thursday, September 1, 2016",9:00 AM,Wasserman,"Thursday, September 1, 2016",TRUE,
Acing the Interview,"Thursday, September 1, 2016",9:00 AM,Wasserman,"Thursday, September 1, 2016",TRUE,
Making It In Media: featuring panelists from MSNBC and Latina Magazine,"Thursday, September 1, 2016",9:00 AM,Wasserman,"Thursday, September 1, 2016",TRUE,
Making It In: Finance - Featuring Capco,"Thursday, September 1, 2016",9:00 AM,Wasserman,"Thursday, September 1, 2016",TRUE,
Making It In: Tech,"Thursday, September 1, 2016",9:00 AM,Wasserman,"Thursday, September 1, 2016",TRUE,
Pitching Your Diverse Experience: Cover Letter Edition,"Thursday, September 1, 2016",9:00 AM,Wasserman,"Thursday, September 1, 2016",TRUE,
Pitching Your Diverse Experience: Resume Edition,"Thursday, September 1, 2016",9:00 AM,Wasserman,"Thursday, September 1, 2016",TRUE,
Pitching Your Diverse Experience: Interview Edition,"Thursday, September 1, 2016",9:00 AM,Wasserman,"Thursday, September 1, 2016",TRUE,
"Secrets to Becoming a Successful Leader: Featuring Lindsay Pollak, Millennial Workplace Expert","Thursday, September 1, 2016",9:00 AM,Wasserman,"Thursday, September 1, 2016",TRUE,
Social Media + Networking for your Job Search,"Thursday, September 1, 2016",9:00 AM,Wasserman,"Thursday, September 1, 2016",TRUE,
Crush Your Coding Interview Workshop (with Facebook),"Thursday, September 1, 2016",9:00 AM,Wasserman,"Thursday, September 1, 2016",TRUE,
Finding YOUR Path at a StartUp (Diversity in STEM Summit),"Thursday, September 1, 2016",9:00 AM,Wasserman,"Thursday, September 1, 2016",TRUE,
Girls Tech Talk Event @ SoE,"Thursday, September 1, 2016",9:00 AM,Wasserman,"Thursday, September 1, 2016",TRUE,
WESTM Mentoring Program - Mentor Training & Mentee Orientation,"Thursday, September 1, 2016",9:00 AM,Wasserman,"Thursday, September 1, 2016",TRUE,
Wasserman Employer Meet Up with PWC - Technology Themed!,"Thursday, September 1, 2016",9:00 AM,Wasserman,"Thursday, September 1, 2016",TRUE,
Women in STEM: Wasserman Employer Meet Up Featuring Credit Suisse,"Thursday, September 1, 2016",9:00 AM,Wasserman,"Thursday, September 1, 2016",TRUE,
Clear Conversation,"Thursday, September 1, 2016",9:00 AM,Wasserman,"Thursday, September 1, 2016",TRUE,
Lime Connect for students with disabilities,"Thursday, September 1, 2016",9:00 AM,Wasserman,"Thursday, September 1, 2016",TRUE,
"Resumes, Interviewing, Job Search for Students with Disabilities","Thursday, September 1, 2016",9:00 AM,Wasserman,"Thursday, September 1, 2016",TRUE,
Student Employment Scoop,"Thursday, September 1, 2016",9:00 AM,Wasserman,"Thursday, September 1, 2016",TRUE,
The Content Intersection Lecture Series: How Concerts changed the Music Industry,"Thursday, September 1, 2016",9:00 AM,Wasserman,"Thursday, September 1, 2016",TRUE,
The Content Intersection Lecture Series: How Media Differs & Correlates in Different Mediums,"Thursday, September 1, 2016",9:00 AM,Wasserman,"Thursday, September 1, 2016",TRUE,
The Content Intersection Lecture Series: Social Media in the Age of Branding,"Thursday, September 1, 2016",9:00 AM,Wasserman,"Thursday, September 1, 2016",TRUE,
"The Content Intersection Lecture Series: The Future of Artist Development: From Technology & Education to Music Industry Goals, and Everything in Between","Thursday, September 1, 2016",9:00 AM,Wasserman,"Thursday, September 1, 2016",TRUE,
The Content Intersection Lecture Series: The Importance of Cultivating Brands,"Thursday, September 1, 2016",9:00 AM,Wasserman,"Thursday, September 1, 2016",TRUE,
The Content Intersection Lecture Series: The Importance of Networking and Relationships Leading to Cross Pollination & Seizing Opportunity,"Thursday, September 1, 2016",9:00 AM,Wasserman,"Thursday, September 1, 2016",TRUE,
International Student Professional Readiness Education Program (PREP) Kick Off,"Thursday, September 1, 2016",9:00 AM,Wasserman,"Thursday, September 1, 2016",TRUE,
Wasserman Meet-Up (Industry Specific Employer Meet-Ups),"Thursday, September 1, 2016",9:00 AM,Wasserman,"Thursday, September 1, 2016",TRUE,
International Student Career Conference,"Thursday, September 1, 2016",9:00 AM,Wasserman,"Thursday, September 1, 2016",TRUE,
International Student Job Search Strategies,"Thursday, September 1, 2016",9:00 AM,Wasserman,"Thursday, September 1, 2016",TRUE,
Networking & Informational Interviewing: Strategies for International Students,"Thursday, September 1, 2016",9:00 AM,Wasserman,"Thursday, September 1, 2016",TRUE,
"NYU Find & Follow Your Passion Conference, Hosted by FindSpark","Thursday, September 1, 2016",9:00 AM,Wasserman,"Thursday, September 1, 2016",TRUE,
Preparing to Succeed in Hospitality Management Training Programs,"Thursday, September 1, 2016",9:00 AM,Wasserman,"Thursday, September 1, 2016",TRUE,
Exploring a Legal Career,"Thursday, September 1, 2016",9:00 AM,Wasserman,"Thursday, September 1, 2016",TRUE,
Getting the Scoop on Work Study and Part-time Jobs,"Thursday, September 1, 2016",9:00 AM,Wasserman,"Thursday, September 1, 2016",TRUE,
Interviewing and Networking Workshop for Student Athletes,"Thursday, September 1, 2016",9:00 AM,Wasserman,"Thursday, September 1, 2016",TRUE,
NYU Service and Volunteer Fair,"Thursday, September 1, 2016",9:00 AM,Wasserman,"Thursday, September 1, 2016",TRUE,
Resumes and Cover Letters That Work for Commuter and Transfer Students,"Thursday, September 1, 2016",9:00 AM,Wasserman,"Thursday, September 1, 2016",TRUE,
Social Media + Networking for your Job Search for Commuter and Transfer Students,"Thursday, September 1, 2016",9:00 AM,Wasserman,"Thursday, September 1, 2016",TRUE,
Exploring Health Careers,"Thursday, September 1, 2016",9:00 AM,Wasserman,"Thursday, September 1, 2016",TRUE,
Law School 101,"Thursday, September 1, 2016",9:00 AM,Wasserman,"Thursday, September 1, 2016",TRUE,
MBA Admissions: Q&A,"Thursday, September 1, 2016",9:00 AM,Wasserman,"Thursday, September 1, 2016",TRUE,
Med School 101,"Thursday, September 1, 2016",9:00 AM,Wasserman,"Thursday, September 1, 2016",TRUE,
Medical School Site Visit: Cornell Medical School,"Thursday, September 1, 2016",9:00 AM,Wasserman,"Thursday, September 1, 2016",TRUE,
Site Visit: Icahn School of Medicine at Mount Sinai,"Thursday, September 1, 2016",9:00 AM,Wasserman,"Thursday, September 1, 2016",TRUE,
Non-Profit Boot Camp,"Thursday, September 1, 2016",9:00 AM,Wasserman,"Thursday, September 1, 2016",TRUE,
Business Boot Camp for Non-Business Students,"Thursday, September 1, 2016",9:00 AM,Wasserman,"Thursday, September 1, 2016",TRUE,
Making the Most of a Career Fair,"Thursday, September 1, 2016",9:00 AM,Wasserman,"Thursday, September 1, 2016",TRUE,
Getting the Scoop on Work Study and Part-time Jobs,"Thursday, September 1, 2016",9:00 AM,Wasserman,"Thursday, September 1, 2016",TRUE,
Sustainability Careers Mentoring Night,"Thursday, September 1, 2016",9:00 AM,Wasserman,"Thursday, September 1, 2016",TRUE,
TORCHtalks: Get the Lowdown on Hot Careers From the Experts,"Thursday, September 1, 2016",9:00 AM,Wasserman,"Thursday, September 1, 2016",TRUE,
Electric Boat Resume Reviews / Interviewing Tips,"Thursday, September 1, 2016",9:00 AM,Wasserman,"Thursday, September 1, 2016",TRUE,
Meet with a Tandon Alumnus ,"Thursday, September 1, 2016",9:00 AM,Wasserman,"Thursday, September 1, 2016",TRUE,
Working in the US: Bridging cultural differences between you and your (future) employer. (For International Students),"Thursday, September 1, 2016",9:00 AM,Wasserman,"Thursday, September 1, 2016",TRUE,
Careers in Media/Marketing,"Thursday, September 1, 2016",9:00 AM,Wasserman,"Thursday, September 1, 2016",TRUE,
Grad Success Series:  Personal Branding/Impression Management,"Thursday, September 1, 2016",9:00 AM,Wasserman,"Thursday, September 1, 2016",TRUE,
Business Boot Camp for Non Business Grad Students (Hosted by Grad),"Thursday, September 1, 2016",9:00 AM,Wasserman,"Thursday, September 1, 2016",TRUE,
Global Careers in Travel & Tourism,"Thursday, September 1, 2016",9:00 AM,Wasserman,"Thursday, September 1, 2016",TRUE,
Women in Sports Career Panel,"Thursday, September 1, 2016",9:00 AM,Wasserman,"Thursday, September 1, 2016",TRUE,
College to Career Boot Camp,"Thursday, September 1, 2016",9:00 AM,Wasserman,"Thursday, September 1, 2016",TRUE,
Networking for the Novice,"Thursday, September 1, 2016",9:00 AM,Wasserman,"Thursday, September 1, 2016",TRUE,
Salary Negotiation for Women ,"Thursday, September 1, 2016",9:00 AM,Wasserman,"Thursday, September 1, 2016",TRUE,
"All About Books: Panel on Writing, Multimedia and Publishing","Thursday, September 1, 2016",9:00 AM,Wasserman,"Thursday, September 1, 2016",TRUE,
Applying to Grad School for Anthropology and the Social Sciences,"Thursday, September 1, 2016",9:00 AM,Wasserman,"Thursday, September 1, 2016",TRUE,
What's Next: Anthropology,"Thursday, September 1, 2016",9:00 AM,Wasserman,"Thursday, September 1, 2016",TRUE,
What's Next: Psychology,"Thursday, September 1, 2016",9:00 AM,Wasserman,"Thursday, September 1, 2016",TRUE,
Jumpstart Your Internship Search,"Thursday, September 1, 2016",9:00 AM,Wasserman,"Thursday, September 1, 2016",TRUE,
Time Management Toolkit,First and second Tuesday of the month,3:00 PM,TBD,"Tuesday, September 06, 2016",TRUE,1:00:00
Time Management Toolkit,First and second Tuesday of the month,3:00 PM,TBD,"Tuesday, September 13, 2016",TRUE,1:00:00
Time Management Toolkit,First and second Tuesday of the month,3:00 PM,TBD,"Tuesday, October 04, 2016",TRUE,1:00:00
Time Management Toolkit,First and second Tuesday of the month,3:00 PM,TBD,"Tuesday, October 11, 2016",TRUE,1:00:00
Time Management Toolkit,First and second Tuesday of the month,3:00 PM,TBD,"Tuesday, November 01, 2016",TRUE,1:00:00
Time Management Toolkit,First and second Tuesday of the month,3:00 PM,TBD,"Tuesday, November 08, 2016",TRUE,1:00:00
Time Management Toolkit,First and second Tuesday of the month,3:00 PM,TBD,"Tuesday, December 06, 2016",TRUE,1:00:00
Time Management Toolkit,First and second Tuesday of the month,3:00 PM,TBD,"Tuesday, December 13, 2016",TRUE,1:00:00
Insomnia Toolkit,First Wednesday of each month,3:00 PM,TBD,"Wednesday, September 07, 2016",TRUE,1:00:00
Insomnia Toolkit,First Wednesday of each month,3:00 PM,TBD,"Wednesday, October 05, 2016",TRUE,1:00:00
Insomnia Toolkit,First Wednesday of each month,3:00 PM,TBD,"Wednesday, November 02, 2016",TRUE,1:00:00
Insomnia Toolkit,First Wednesday of each month,3:00 PM,TBD,"Wednesday, December 07, 2016",TRUE,1:00:00
